spec,term,coef,se,p,N,R2
cont:inverse_rank,treat:energy,-4.782849349493171,12.404479244831142,0.6998119131802505,2672,0.25280166423788364
cont:top10,treat:energy,0.18586654970367888,0.17809657955857078,0.2966576044529702,2672,0.2650494221317985
cut60:inverse_rank,did_q,-0.767442161750338,3.0362341156667263,0.8004527564572518,2672,0.25456508655573273
cut60:top10,did_q,0.01385633835687623,0.05128423968637467,0.7870163410686539,2672,0.26817922855355136
cut70:inverse_rank,did_q,4.118652018041173,3.7441184296709733,0.2713179545915545,2672,0.25640806949670536
cut70:top10,did_q,0.06878614236353003,0.04977540450749184,0.16699308680324954,2672,0.2669481847531858
cut80:inverse_rank,did_q,1.0383921877798103,4.523123544948183,0.8184227052260786,2672,0.2538642764853427
cut80:top10,did_q,0.02964432671835778,0.056615374140720695,0.6005504309785874,2672,0.26510035253402076
