spec,term,coef,se,p,N,R2
cont:inverse_rank,treat_energy,-3.0092668533325195,1.9310033569466631,0.11913953358576682,504220,0.021114826202392578
cont:top10,treat_energy,-0.05765734240412712,0.029332628856140863,0.04934039211896765,504220,0.02536606788635254
cut60:inverse_rank,did_q,-1.2752273082733154,0.5602651600146665,0.02283919442877614,504220,0.021522343158721924
cut60:top10,did_q,-0.021691571921110153,0.00905794193684685,0.016631373148512922,504220,0.025594055652618408
cut70:inverse_rank,did_q,-1.2752273082733154,0.5602651600146665,0.02283919442877614,504220,0.021522343158721924
cut70:top10,did_q,-0.021691571921110153,0.00905794193684685,0.016631373148512922,504220,0.025594055652618408
cut80:inverse_rank,did_q,-1.2752273082733154,0.5602651600146665,0.02283919442877614,504220,0.021522343158721924
cut80:top10,did_q,-0.021691571921110153,0.00905794193684685,0.016631373148512922,504220,0.025594055652618408
