Variable,VIF
valence,1.6083223935287922
danceability,1.5003418376431246
energy,1.2334480931651874
tempo,1.150022445094925
duration_ms,1.1101246673709442
artist_popularity,1.0113712789357927
