Variable,VIF
valence,1.579232880805199
danceability,1.534494361220596
energy,1.2707640280631918
tempo,1.1292723863393959
duration_ms,1.0791502385721425
artist_popularity,1.0160554722747546
